StrongSeed,WeakSeed,Round,Slot
W01,W16,1,R1W1
W02,W15,1,R1W2
W03,W14,1,R1W3
W04,W13,1,R1W4
W05,W12,1,R1W5
W06,W11,1,R1W6
W07,W10,1,R1W7
W08,W09,1,R1W8
X01,X16,1,R1X1
X02,X15,1,R1X2
X03,X14,1,R1X3
X04,X13,1,R1X4
X05,X12,1,R1X5
X06,X11,1,R1X6
X07,X10,1,R1X7
X08,X09,1,R1X8
Y01,Y16,1,R1Y1
Y02,Y15,1,R1Y2
Y03,Y14,1,R1Y3
Y04,Y13,1,R1Y4
Y05,Y12,1,R1Y5
Y06,Y11,1,R1Y6
Y07,Y10,1,R1Y7
Y08,Y09,1,R1Y8
Z01,Z16,1,R1Z1
Z02,Z15,1,R1Z2
Z03,Z14,1,R1Z3
Z04,Z13,1,R1Z4
Z05,Z12,1,R1Z5
Z06,Z11,1,R1Z6
Z07,Z10,1,R1Z7
Z08,Z09,1,R1Z8
W01,W08,2,R2W1
W02,W07,2,R2W2
W03,W06,2,R2W3
W04,W05,2,R2W4
W01,W09,2,R2W1
W02,W10,2,R2W2
W03,W11,2,R2W3
W04,W12,2,R2W4
W08,W16,2,R2W1
W07,W15,2,R2W2
W06,W14,2,R2W3
W05,W13,2,R2W4
W09,W16,2,R2W1
W10,W15,2,R2W2
W11,W14,2,R2W3
W12,W13,2,R2W4
X01,X08,2,R2X1
X02,X07,2,R2X2
X03,X06,2,R2X3
X04,X05,2,R2X4
X01,X09,2,R2X1
X02,X10,2,R2X2
X03,X11,2,R2X3
X04,X12,2,R2X4
X08,X16,2,R2X1
X07,X15,2,R2X2
X06,X14,2,R2X3
X05,X13,2,R2X4
X09,X16,2,R2X1
X10,X15,2,R2X2
X11,X14,2,R2X3
X12,X13,2,R2X4
Y01,Y08,2,R2Y1
Y02,Y07,2,R2Y2
Y03,Y06,2,R2Y3
Y04,Y05,2,R2Y4
Y01,Y09,2,R2Y1
Y02,Y10,2,R2Y2
Y03,Y11,2,R2Y3
Y04,Y12,2,R2Y4
Y08,Y16,2,R2Y1
Y07,Y15,2,R2Y2
Y06,Y14,2,R2Y3
Y05,Y13,2,R2Y4
Y09,Y16,2,R2Y1
Y10,Y15,2,R2Y2
Y11,Y14,2,R2Y3
Y12,Y13,2,R2Y4
Z01,Z08,2,R2Z1
Z02,Z07,2,R2Z2
Z03,Z06,2,R2Z3
Z04,Z05,2,R2Z4
Z01,Z09,2,R2Z1
Z02,Z10,2,R2Z2
Z03,Z11,2,R2Z3
Z04,Z12,2,R2Z4
Z08,Z16,2,R2Z1
Z07,Z15,2,R2Z2
Z06,Z14,2,R2Z3
Z05,Z13,2,R2Z4
Z09,Z16,2,R2Z1
Z10,Z15,2,R2Z2
Z11,Z14,2,R2Z3
Z12,Z13,2,R2Z4
W01,W04,3,R3W1
W01,W13,3,R3W1
W01,W05,3,R3W1
W01,W12,3,R3W1
W04,W16,3,R3W1
W13,W16,3,R3W1
W05,W16,3,R3W1
W12,W16,3,R3W1
W04,W08,3,R3W1
W08,W13,3,R3W1
W05,W08,3,R3W1
W08,W12,3,R3W1
W04,W09,3,R3W1
W09,W13,3,R3W1
W05,W09,3,R3W1
W09,W12,3,R3W1
W02,W03,3,R3W2
W02,W14,3,R3W2
W02,W06,3,R3W2
W02,W11,3,R3W2
W03,W15,3,R3W2
W14,W15,3,R3W2
W06,W15,3,R3W2
W11,W15,3,R3W2
W03,W07,3,R3W2
W07,W14,3,R3W2
W06,W07,3,R3W2
W07,W11,3,R3W2
W03,W10,3,R3W2
W10,W14,3,R3W2
W06,W10,3,R3W2
W10,W11,3,R3W2
X01,X04,3,R3X1
X01,X13,3,R3X1
X01,X05,3,R3X1
X01,X12,3,R3X1
X04,X16,3,R3X1
X13,X16,3,R3X1
X05,X16,3,R3X1
X12,X16,3,R3X1
X04,X08,3,R3X1
X08,X13,3,R3X1
X05,X08,3,R3X1
X08,X12,3,R3X1
X04,X09,3,R3X1
X09,X13,3,R3X1
X05,X09,3,R3X1
X09,X12,3,R3X1
X02,X03,3,R3X2
X02,X14,3,R3X2
X02,X06,3,R3X2
X02,X11,3,R3X2
X03,X15,3,R3X2
X14,X15,3,R3X2
X06,X15,3,R3X2
X11,X15,3,R3X2
X03,X07,3,R3X2
X07,X14,3,R3X2
X06,X07,3,R3X2
X07,X11,3,R3X2
X03,X10,3,R3X2
X10,X14,3,R3X2
X06,X10,3,R3X2
X10,X11,3,R3X2
Y01,Y04,3,R3Y1
Y01,Y13,3,R3Y1
Y01,Y05,3,R3Y1
Y01,Y12,3,R3Y1
Y04,Y16,3,R3Y1
Y13,Y16,3,R3Y1
Y05,Y16,3,R3Y1
Y12,Y16,3,R3Y1
Y04,Y08,3,R3Y1
Y08,Y13,3,R3Y1
Y05,Y08,3,R3Y1
Y08,Y12,3,R3Y1
Y04,Y09,3,R3Y1
Y09,Y13,3,R3Y1
Y05,Y09,3,R3Y1
Y09,Y12,3,R3Y1
Y02,Y03,3,R3Y2
Y02,Y14,3,R3Y2
Y02,Y06,3,R3Y2
Y02,Y11,3,R3Y2
Y03,Y15,3,R3Y2
Y14,Y15,3,R3Y2
Y06,Y15,3,R3Y2
Y11,Y15,3,R3Y2
Y03,Y07,3,R3Y2
Y07,Y14,3,R3Y2
Y06,Y07,3,R3Y2
Y07,Y11,3,R3Y2
Y03,Y10,3,R3Y2
Y10,Y14,3,R3Y2
Y06,Y10,3,R3Y2
Y10,Y11,3,R3Y2
Z01,Z04,3,R3Z1
Z01,Z13,3,R3Z1
Z01,Z05,3,R3Z1
Z01,Z12,3,R3Z1
Z04,Z16,3,R3Z1
Z13,Z16,3,R3Z1
Z05,Z16,3,R3Z1
Z12,Z16,3,R3Z1
Z04,Z08,3,R3Z1
Z08,Z13,3,R3Z1
Z05,Z08,3,R3Z1
Z08,Z12,3,R3Z1
Z04,Z09,3,R3Z1
Z09,Z13,3,R3Z1
Z05,Z09,3,R3Z1
Z09,Z12,3,R3Z1
Z02,Z03,3,R3Z2
Z02,Z14,3,R3Z2
Z02,Z06,3,R3Z2
Z02,Z11,3,R3Z2
Z03,Z15,3,R3Z2
Z14,Z15,3,R3Z2
Z06,Z15,3,R3Z2
Z11,Z15,3,R3Z2
Z03,Z07,3,R3Z2
Z07,Z14,3,R3Z2
Z06,Z07,3,R3Z2
Z07,Z11,3,R3Z2
Z03,Z10,3,R3Z2
Z10,Z14,3,R3Z2
Z06,Z10,3,R3Z2
Z10,Z11,3,R3Z2
W01,W02,4,R4W1
W01,W15,4,R4W1
W01,W07,4,R4W1
W01,W10,4,R4W1
W01,W03,4,R4W1
W01,W14,4,R4W1
W01,W06,4,R4W1
W01,W11,4,R4W1
W02,W16,4,R4W1
W15,W16,4,R4W1
W07,W16,4,R4W1
W10,W16,4,R4W1
W03,W16,4,R4W1
W14,W16,4,R4W1
W06,W16,4,R4W1
W11,W16,4,R4W1
W02,W08,4,R4W1
W08,W15,4,R4W1
W07,W08,4,R4W1
W08,W10,4,R4W1
W03,W08,4,R4W1
W08,W14,4,R4W1
W06,W08,4,R4W1
W08,W11,4,R4W1
W02,W09,4,R4W1
W09,W15,4,R4W1
W07,W09,4,R4W1
W09,W10,4,R4W1
W03,W09,4,R4W1
W09,W14,4,R4W1
W06,W09,4,R4W1
W09,W11,4,R4W1
W02,W04,4,R4W1
W04,W15,4,R4W1
W04,W07,4,R4W1
W04,W10,4,R4W1
W03,W04,4,R4W1
W04,W14,4,R4W1
W04,W06,4,R4W1
W04,W11,4,R4W1
W02,W13,4,R4W1
W13,W15,4,R4W1
W07,W13,4,R4W1
W10,W13,4,R4W1
W03,W13,4,R4W1
W13,W14,4,R4W1
W06,W13,4,R4W1
W11,W13,4,R4W1
W02,W05,4,R4W1
W05,W15,4,R4W1
W05,W07,4,R4W1
W05,W10,4,R4W1
W03,W05,4,R4W1
W05,W14,4,R4W1
W05,W06,4,R4W1
W05,W11,4,R4W1
W02,W12,4,R4W1
W12,W15,4,R4W1
W07,W12,4,R4W1
W10,W12,4,R4W1
W03,W12,4,R4W1
W12,W14,4,R4W1
W06,W12,4,R4W1
W11,W12,4,R4W1
X01,X02,4,R4X1
X01,X15,4,R4X1
X01,X07,4,R4X1
X01,X10,4,R4X1
X01,X03,4,R4X1
X01,X14,4,R4X1
X01,X06,4,R4X1
X01,X11,4,R4X1
X02,X16,4,R4X1
X15,X16,4,R4X1
X07,X16,4,R4X1
X10,X16,4,R4X1
X03,X16,4,R4X1
X14,X16,4,R4X1
X06,X16,4,R4X1
X11,X16,4,R4X1
X02,X08,4,R4X1
X08,X15,4,R4X1
X07,X08,4,R4X1
X08,X10,4,R4X1
X03,X08,4,R4X1
X08,X14,4,R4X1
X06,X08,4,R4X1
X08,X11,4,R4X1
X02,X09,4,R4X1
X09,X15,4,R4X1
X07,X09,4,R4X1
X09,X10,4,R4X1
X03,X09,4,R4X1
X09,X14,4,R4X1
X06,X09,4,R4X1
X09,X11,4,R4X1
X02,X04,4,R4X1
X04,X15,4,R4X1
X04,X07,4,R4X1
X04,X10,4,R4X1
X03,X04,4,R4X1
X04,X14,4,R4X1
X04,X06,4,R4X1
X04,X11,4,R4X1
X02,X13,4,R4X1
X13,X15,4,R4X1
X07,X13,4,R4X1
X10,X13,4,R4X1
X03,X13,4,R4X1
X13,X14,4,R4X1
X06,X13,4,R4X1
X11,X13,4,R4X1
X02,X05,4,R4X1
X05,X15,4,R4X1
X05,X07,4,R4X1
X05,X10,4,R4X1
X03,X05,4,R4X1
X05,X14,4,R4X1
X05,X06,4,R4X1
X05,X11,4,R4X1
X02,X12,4,R4X1
X12,X15,4,R4X1
X07,X12,4,R4X1
X10,X12,4,R4X1
X03,X12,4,R4X1
X12,X14,4,R4X1
X06,X12,4,R4X1
X11,X12,4,R4X1
Y01,Y02,4,R4Y1
Y01,Y15,4,R4Y1
Y01,Y07,4,R4Y1
Y01,Y10,4,R4Y1
Y01,Y03,4,R4Y1
Y01,Y14,4,R4Y1
Y01,Y06,4,R4Y1
Y01,Y11,4,R4Y1
Y02,Y16,4,R4Y1
Y15,Y16,4,R4Y1
Y07,Y16,4,R4Y1
Y10,Y16,4,R4Y1
Y03,Y16,4,R4Y1
Y14,Y16,4,R4Y1
Y06,Y16,4,R4Y1
Y11,Y16,4,R4Y1
Y02,Y08,4,R4Y1
Y08,Y15,4,R4Y1
Y07,Y08,4,R4Y1
Y08,Y10,4,R4Y1
Y03,Y08,4,R4Y1
Y08,Y14,4,R4Y1
Y06,Y08,4,R4Y1
Y08,Y11,4,R4Y1
Y02,Y09,4,R4Y1
Y09,Y15,4,R4Y1
Y07,Y09,4,R4Y1
Y09,Y10,4,R4Y1
Y03,Y09,4,R4Y1
Y09,Y14,4,R4Y1
Y06,Y09,4,R4Y1
Y09,Y11,4,R4Y1
Y02,Y04,4,R4Y1
Y04,Y15,4,R4Y1
Y04,Y07,4,R4Y1
Y04,Y10,4,R4Y1
Y03,Y04,4,R4Y1
Y04,Y14,4,R4Y1
Y04,Y06,4,R4Y1
Y04,Y11,4,R4Y1
Y02,Y13,4,R4Y1
Y13,Y15,4,R4Y1
Y07,Y13,4,R4Y1
Y10,Y13,4,R4Y1
Y03,Y13,4,R4Y1
Y13,Y14,4,R4Y1
Y06,Y13,4,R4Y1
Y11,Y13,4,R4Y1
Y02,Y05,4,R4Y1
Y05,Y15,4,R4Y1
Y05,Y07,4,R4Y1
Y05,Y10,4,R4Y1
Y03,Y05,4,R4Y1
Y05,Y14,4,R4Y1
Y05,Y06,4,R4Y1
Y05,Y11,4,R4Y1
Y02,Y12,4,R4Y1
Y12,Y15,4,R4Y1
Y07,Y12,4,R4Y1
Y10,Y12,4,R4Y1
Y03,Y12,4,R4Y1
Y12,Y14,4,R4Y1
Y06,Y12,4,R4Y1
Y11,Y12,4,R4Y1
Z01,Z02,4,R4Z1
Z01,Z15,4,R4Z1
Z01,Z07,4,R4Z1
Z01,Z10,4,R4Z1
Z01,Z03,4,R4Z1
Z01,Z14,4,R4Z1
Z01,Z06,4,R4Z1
Z01,Z11,4,R4Z1
Z02,Z16,4,R4Z1
Z15,Z16,4,R4Z1
Z07,Z16,4,R4Z1
Z10,Z16,4,R4Z1
Z03,Z16,4,R4Z1
Z14,Z16,4,R4Z1
Z06,Z16,4,R4Z1
Z11,Z16,4,R4Z1
Z02,Z08,4,R4Z1
Z08,Z15,4,R4Z1
Z07,Z08,4,R4Z1
Z08,Z10,4,R4Z1
Z03,Z08,4,R4Z1
Z08,Z14,4,R4Z1
Z06,Z08,4,R4Z1
Z08,Z11,4,R4Z1
Z02,Z09,4,R4Z1
Z09,Z15,4,R4Z1
Z07,Z09,4,R4Z1
Z09,Z10,4,R4Z1
Z03,Z09,4,R4Z1
Z09,Z14,4,R4Z1
Z06,Z09,4,R4Z1
Z09,Z11,4,R4Z1
Z02,Z04,4,R4Z1
Z04,Z15,4,R4Z1
Z04,Z07,4,R4Z1
Z04,Z10,4,R4Z1
Z03,Z04,4,R4Z1
Z04,Z14,4,R4Z1
Z04,Z06,4,R4Z1
Z04,Z11,4,R4Z1
Z02,Z13,4,R4Z1
Z13,Z15,4,R4Z1
Z07,Z13,4,R4Z1
Z10,Z13,4,R4Z1
Z03,Z13,4,R4Z1
Z13,Z14,4,R4Z1
Z06,Z13,4,R4Z1
Z11,Z13,4,R4Z1
Z02,Z05,4,R4Z1
Z05,Z15,4,R4Z1
Z05,Z07,4,R4Z1
Z05,Z10,4,R4Z1
Z03,Z05,4,R4Z1
Z05,Z14,4,R4Z1
Z05,Z06,4,R4Z1
Z05,Z11,4,R4Z1
Z02,Z12,4,R4Z1
Z12,Z15,4,R4Z1
Z07,Z12,4,R4Z1
Z10,Z12,4,R4Z1
Z03,Z12,4,R4Z1
Z12,Z14,4,R4Z1
Z06,Z12,4,R4Z1
Z11,Z12,4,R4Z1
W01,X01,5,R5WX
W01,X02,5,R5WX
W01,X03,5,R5WX
W01,X04,5,R5WX
W01,X05,5,R5WX
W01,X06,5,R5WX
W01,X07,5,R5WX
W01,X08,5,R5WX
W01,X09,5,R5WX
W01,X10,5,R5WX
W01,X11,5,R5WX
W01,X12,5,R5WX
W01,X13,5,R5WX
W01,X14,5,R5WX
W01,X15,5,R5WX
W01,X16,5,R5WX
W02,X01,5,R5WX
W02,X02,5,R5WX
W02,X03,5,R5WX
W02,X04,5,R5WX
W02,X05,5,R5WX
W02,X06,5,R5WX
W02,X07,5,R5WX
W02,X08,5,R5WX
W02,X09,5,R5WX
W02,X10,5,R5WX
W02,X11,5,R5WX
W02,X12,5,R5WX
W02,X13,5,R5WX
W02,X14,5,R5WX
W02,X15,5,R5WX
W02,X16,5,R5WX
W03,X01,5,R5WX
W03,X02,5,R5WX
W03,X03,5,R5WX
W03,X04,5,R5WX
W03,X05,5,R5WX
W03,X06,5,R5WX
W03,X07,5,R5WX
W03,X08,5,R5WX
W03,X09,5,R5WX
W03,X10,5,R5WX
W03,X11,5,R5WX
W03,X12,5,R5WX
W03,X13,5,R5WX
W03,X14,5,R5WX
W03,X15,5,R5WX
W03,X16,5,R5WX
W04,X01,5,R5WX
W04,X02,5,R5WX
W04,X03,5,R5WX
W04,X04,5,R5WX
W04,X05,5,R5WX
W04,X06,5,R5WX
W04,X07,5,R5WX
W04,X08,5,R5WX
W04,X09,5,R5WX
W04,X10,5,R5WX
W04,X11,5,R5WX
W04,X12,5,R5WX
W04,X13,5,R5WX
W04,X14,5,R5WX
W04,X15,5,R5WX
W04,X16,5,R5WX
W05,X01,5,R5WX
W05,X02,5,R5WX
W05,X03,5,R5WX
W05,X04,5,R5WX
W05,X05,5,R5WX
W05,X06,5,R5WX
W05,X07,5,R5WX
W05,X08,5,R5WX
W05,X09,5,R5WX
W05,X10,5,R5WX
W05,X11,5,R5WX
W05,X12,5,R5WX
W05,X13,5,R5WX
W05,X14,5,R5WX
W05,X15,5,R5WX
W05,X16,5,R5WX
W06,X01,5,R5WX
W06,X02,5,R5WX
W06,X03,5,R5WX
W06,X04,5,R5WX
W06,X05,5,R5WX
W06,X06,5,R5WX
W06,X07,5,R5WX
W06,X08,5,R5WX
W06,X09,5,R5WX
W06,X10,5,R5WX
W06,X11,5,R5WX
W06,X12,5,R5WX
W06,X13,5,R5WX
W06,X14,5,R5WX
W06,X15,5,R5WX
W06,X16,5,R5WX
W07,X01,5,R5WX
W07,X02,5,R5WX
W07,X03,5,R5WX
W07,X04,5,R5WX
W07,X05,5,R5WX
W07,X06,5,R5WX
W07,X07,5,R5WX
W07,X08,5,R5WX
W07,X09,5,R5WX
W07,X10,5,R5WX
W07,X11,5,R5WX
W07,X12,5,R5WX
W07,X13,5,R5WX
W07,X14,5,R5WX
W07,X15,5,R5WX
W07,X16,5,R5WX
W08,X01,5,R5WX
W08,X02,5,R5WX
W08,X03,5,R5WX
W08,X04,5,R5WX
W08,X05,5,R5WX
W08,X06,5,R5WX
W08,X07,5,R5WX
W08,X08,5,R5WX
W08,X09,5,R5WX
W08,X10,5,R5WX
W08,X11,5,R5WX
W08,X12,5,R5WX
W08,X13,5,R5WX
W08,X14,5,R5WX
W08,X15,5,R5WX
W08,X16,5,R5WX
W09,X01,5,R5WX
W09,X02,5,R5WX
W09,X03,5,R5WX
W09,X04,5,R5WX
W09,X05,5,R5WX
W09,X06,5,R5WX
W09,X07,5,R5WX
W09,X08,5,R5WX
W09,X09,5,R5WX
W09,X10,5,R5WX
W09,X11,5,R5WX
W09,X12,5,R5WX
W09,X13,5,R5WX
W09,X14,5,R5WX
W09,X15,5,R5WX
W09,X16,5,R5WX
W10,X01,5,R5WX
W10,X02,5,R5WX
W10,X03,5,R5WX
W10,X04,5,R5WX
W10,X05,5,R5WX
W10,X06,5,R5WX
W10,X07,5,R5WX
W10,X08,5,R5WX
W10,X09,5,R5WX
W10,X10,5,R5WX
W10,X11,5,R5WX
W10,X12,5,R5WX
W10,X13,5,R5WX
W10,X14,5,R5WX
W10,X15,5,R5WX
W10,X16,5,R5WX
W11,X01,5,R5WX
W11,X02,5,R5WX
W11,X03,5,R5WX
W11,X04,5,R5WX
W11,X05,5,R5WX
W11,X06,5,R5WX
W11,X07,5,R5WX
W11,X08,5,R5WX
W11,X09,5,R5WX
W11,X10,5,R5WX
W11,X11,5,R5WX
W11,X12,5,R5WX
W11,X13,5,R5WX
W11,X14,5,R5WX
W11,X15,5,R5WX
W11,X16,5,R5WX
W12,X01,5,R5WX
W12,X02,5,R5WX
W12,X03,5,R5WX
W12,X04,5,R5WX
W12,X05,5,R5WX
W12,X06,5,R5WX
W12,X07,5,R5WX
W12,X08,5,R5WX
W12,X09,5,R5WX
W12,X10,5,R5WX
W12,X11,5,R5WX
W12,X12,5,R5WX
W12,X13,5,R5WX
W12,X14,5,R5WX
W12,X15,5,R5WX
W12,X16,5,R5WX
W13,X01,5,R5WX
W13,X02,5,R5WX
W13,X03,5,R5WX
W13,X04,5,R5WX
W13,X05,5,R5WX
W13,X06,5,R5WX
W13,X07,5,R5WX
W13,X08,5,R5WX
W13,X09,5,R5WX
W13,X10,5,R5WX
W13,X11,5,R5WX
W13,X12,5,R5WX
W13,X13,5,R5WX
W13,X14,5,R5WX
W13,X15,5,R5WX
W13,X16,5,R5WX
W14,X01,5,R5WX
W14,X02,5,R5WX
W14,X03,5,R5WX
W14,X04,5,R5WX
W14,X05,5,R5WX
W14,X06,5,R5WX
W14,X07,5,R5WX
W14,X08,5,R5WX
W14,X09,5,R5WX
W14,X10,5,R5WX
W14,X11,5,R5WX
W14,X12,5,R5WX
W14,X13,5,R5WX
W14,X14,5,R5WX
W14,X15,5,R5WX
W14,X16,5,R5WX
W15,X01,5,R5WX
W15,X02,5,R5WX
W15,X03,5,R5WX
W15,X04,5,R5WX
W15,X05,5,R5WX
W15,X06,5,R5WX
W15,X07,5,R5WX
W15,X08,5,R5WX
W15,X09,5,R5WX
W15,X10,5,R5WX
W15,X11,5,R5WX
W15,X12,5,R5WX
W15,X13,5,R5WX
W15,X14,5,R5WX
W15,X15,5,R5WX
W15,X16,5,R5WX
W16,X01,5,R5WX
W16,X02,5,R5WX
W16,X03,5,R5WX
W16,X04,5,R5WX
W16,X05,5,R5WX
W16,X06,5,R5WX
W16,X07,5,R5WX
W16,X08,5,R5WX
W16,X09,5,R5WX
W16,X10,5,R5WX
W16,X11,5,R5WX
W16,X12,5,R5WX
W16,X13,5,R5WX
W16,X14,5,R5WX
W16,X15,5,R5WX
W16,X16,5,R5WX
Y01,Z01,5,R5YZ
Y01,Z02,5,R5YZ
Y01,Z03,5,R5YZ
Y01,Z04,5,R5YZ
Y01,Z05,5,R5YZ
Y01,Z06,5,R5YZ
Y01,Z07,5,R5YZ
Y01,Z08,5,R5YZ
Y01,Z09,5,R5YZ
Y01,Z10,5,R5YZ
Y01,Z11,5,R5YZ
Y01,Z12,5,R5YZ
Y01,Z13,5,R5YZ
Y01,Z14,5,R5YZ
Y01,Z15,5,R5YZ
Y01,Z16,5,R5YZ
Y02,Z01,5,R5YZ
Y02,Z02,5,R5YZ
Y02,Z03,5,R5YZ
Y02,Z04,5,R5YZ
Y02,Z05,5,R5YZ
Y02,Z06,5,R5YZ
Y02,Z07,5,R5YZ
Y02,Z08,5,R5YZ
Y02,Z09,5,R5YZ
Y02,Z10,5,R5YZ
Y02,Z11,5,R5YZ
Y02,Z12,5,R5YZ
Y02,Z13,5,R5YZ
Y02,Z14,5,R5YZ
Y02,Z15,5,R5YZ
Y02,Z16,5,R5YZ
Y03,Z01,5,R5YZ
Y03,Z02,5,R5YZ
Y03,Z03,5,R5YZ
Y03,Z04,5,R5YZ
Y03,Z05,5,R5YZ
Y03,Z06,5,R5YZ
Y03,Z07,5,R5YZ
Y03,Z08,5,R5YZ
Y03,Z09,5,R5YZ
Y03,Z10,5,R5YZ
Y03,Z11,5,R5YZ
Y03,Z12,5,R5YZ
Y03,Z13,5,R5YZ
Y03,Z14,5,R5YZ
Y03,Z15,5,R5YZ
Y03,Z16,5,R5YZ
Y04,Z01,5,R5YZ
Y04,Z02,5,R5YZ
Y04,Z03,5,R5YZ
Y04,Z04,5,R5YZ
Y04,Z05,5,R5YZ
Y04,Z06,5,R5YZ
Y04,Z07,5,R5YZ
Y04,Z08,5,R5YZ
Y04,Z09,5,R5YZ
Y04,Z10,5,R5YZ
Y04,Z11,5,R5YZ
Y04,Z12,5,R5YZ
Y04,Z13,5,R5YZ
Y04,Z14,5,R5YZ
Y04,Z15,5,R5YZ
Y04,Z16,5,R5YZ
Y05,Z01,5,R5YZ
Y05,Z02,5,R5YZ
Y05,Z03,5,R5YZ
Y05,Z04,5,R5YZ
Y05,Z05,5,R5YZ
Y05,Z06,5,R5YZ
Y05,Z07,5,R5YZ
Y05,Z08,5,R5YZ
Y05,Z09,5,R5YZ
Y05,Z10,5,R5YZ
Y05,Z11,5,R5YZ
Y05,Z12,5,R5YZ
Y05,Z13,5,R5YZ
Y05,Z14,5,R5YZ
Y05,Z15,5,R5YZ
Y05,Z16,5,R5YZ
Y06,Z01,5,R5YZ
Y06,Z02,5,R5YZ
Y06,Z03,5,R5YZ
Y06,Z04,5,R5YZ
Y06,Z05,5,R5YZ
Y06,Z06,5,R5YZ
Y06,Z07,5,R5YZ
Y06,Z08,5,R5YZ
Y06,Z09,5,R5YZ
Y06,Z10,5,R5YZ
Y06,Z11,5,R5YZ
Y06,Z12,5,R5YZ
Y06,Z13,5,R5YZ
Y06,Z14,5,R5YZ
Y06,Z15,5,R5YZ
Y06,Z16,5,R5YZ
Y07,Z01,5,R5YZ
Y07,Z02,5,R5YZ
Y07,Z03,5,R5YZ
Y07,Z04,5,R5YZ
Y07,Z05,5,R5YZ
Y07,Z06,5,R5YZ
Y07,Z07,5,R5YZ
Y07,Z08,5,R5YZ
Y07,Z09,5,R5YZ
Y07,Z10,5,R5YZ
Y07,Z11,5,R5YZ
Y07,Z12,5,R5YZ
Y07,Z13,5,R5YZ
Y07,Z14,5,R5YZ
Y07,Z15,5,R5YZ
Y07,Z16,5,R5YZ
Y08,Z01,5,R5YZ
Y08,Z02,5,R5YZ
Y08,Z03,5,R5YZ
Y08,Z04,5,R5YZ
Y08,Z05,5,R5YZ
Y08,Z06,5,R5YZ
Y08,Z07,5,R5YZ
Y08,Z08,5,R5YZ
Y08,Z09,5,R5YZ
Y08,Z10,5,R5YZ
Y08,Z11,5,R5YZ
Y08,Z12,5,R5YZ
Y08,Z13,5,R5YZ
Y08,Z14,5,R5YZ
Y08,Z15,5,R5YZ
Y08,Z16,5,R5YZ
Y09,Z01,5,R5YZ
Y09,Z02,5,R5YZ
Y09,Z03,5,R5YZ
Y09,Z04,5,R5YZ
Y09,Z05,5,R5YZ
Y09,Z06,5,R5YZ
Y09,Z07,5,R5YZ
Y09,Z08,5,R5YZ
Y09,Z09,5,R5YZ
Y09,Z10,5,R5YZ
Y09,Z11,5,R5YZ
Y09,Z12,5,R5YZ
Y09,Z13,5,R5YZ
Y09,Z14,5,R5YZ
Y09,Z15,5,R5YZ
Y09,Z16,5,R5YZ
Y10,Z01,5,R5YZ
Y10,Z02,5,R5YZ
Y10,Z03,5,R5YZ
Y10,Z04,5,R5YZ
Y10,Z05,5,R5YZ
Y10,Z06,5,R5YZ
Y10,Z07,5,R5YZ
Y10,Z08,5,R5YZ
Y10,Z09,5,R5YZ
Y10,Z10,5,R5YZ
Y10,Z11,5,R5YZ
Y10,Z12,5,R5YZ
Y10,Z13,5,R5YZ
Y10,Z14,5,R5YZ
Y10,Z15,5,R5YZ
Y10,Z16,5,R5YZ
Y11,Z01,5,R5YZ
Y11,Z02,5,R5YZ
Y11,Z03,5,R5YZ
Y11,Z04,5,R5YZ
Y11,Z05,5,R5YZ
Y11,Z06,5,R5YZ
Y11,Z07,5,R5YZ
Y11,Z08,5,R5YZ
Y11,Z09,5,R5YZ
Y11,Z10,5,R5YZ
Y11,Z11,5,R5YZ
Y11,Z12,5,R5YZ
Y11,Z13,5,R5YZ
Y11,Z14,5,R5YZ
Y11,Z15,5,R5YZ
Y11,Z16,5,R5YZ
Y12,Z01,5,R5YZ
Y12,Z02,5,R5YZ
Y12,Z03,5,R5YZ
Y12,Z04,5,R5YZ
Y12,Z05,5,R5YZ
Y12,Z06,5,R5YZ
Y12,Z07,5,R5YZ
Y12,Z08,5,R5YZ
Y12,Z09,5,R5YZ
Y12,Z10,5,R5YZ
Y12,Z11,5,R5YZ
Y12,Z12,5,R5YZ
Y12,Z13,5,R5YZ
Y12,Z14,5,R5YZ
Y12,Z15,5,R5YZ
Y12,Z16,5,R5YZ
Y13,Z01,5,R5YZ
Y13,Z02,5,R5YZ
Y13,Z03,5,R5YZ
Y13,Z04,5,R5YZ
Y13,Z05,5,R5YZ
Y13,Z06,5,R5YZ
Y13,Z07,5,R5YZ
Y13,Z08,5,R5YZ
Y13,Z09,5,R5YZ
Y13,Z10,5,R5YZ
Y13,Z11,5,R5YZ
Y13,Z12,5,R5YZ
Y13,Z13,5,R5YZ
Y13,Z14,5,R5YZ
Y13,Z15,5,R5YZ
Y13,Z16,5,R5YZ
Y14,Z01,5,R5YZ
Y14,Z02,5,R5YZ
Y14,Z03,5,R5YZ
Y14,Z04,5,R5YZ
Y14,Z05,5,R5YZ
Y14,Z06,5,R5YZ
Y14,Z07,5,R5YZ
Y14,Z08,5,R5YZ
Y14,Z09,5,R5YZ
Y14,Z10,5,R5YZ
Y14,Z11,5,R5YZ
Y14,Z12,5,R5YZ
Y14,Z13,5,R5YZ
Y14,Z14,5,R5YZ
Y14,Z15,5,R5YZ
Y14,Z16,5,R5YZ
Y15,Z01,5,R5YZ
Y15,Z02,5,R5YZ
Y15,Z03,5,R5YZ
Y15,Z04,5,R5YZ
Y15,Z05,5,R5YZ
Y15,Z06,5,R5YZ
Y15,Z07,5,R5YZ
Y15,Z08,5,R5YZ
Y15,Z09,5,R5YZ
Y15,Z10,5,R5YZ
Y15,Z11,5,R5YZ
Y15,Z12,5,R5YZ
Y15,Z13,5,R5YZ
Y15,Z14,5,R5YZ
Y15,Z15,5,R5YZ
Y15,Z16,5,R5YZ
Y16,Z01,5,R5YZ
Y16,Z02,5,R5YZ
Y16,Z03,5,R5YZ
Y16,Z04,5,R5YZ
Y16,Z05,5,R5YZ
Y16,Z06,5,R5YZ
Y16,Z07,5,R5YZ
Y16,Z08,5,R5YZ
Y16,Z09,5,R5YZ
Y16,Z10,5,R5YZ
Y16,Z11,5,R5YZ
Y16,Z12,5,R5YZ
Y16,Z13,5,R5YZ
Y16,Z14,5,R5YZ
Y16,Z15,5,R5YZ
Y16,Z16,5,R5YZ
W01,Y01,6,R6CH
W01,Y02,6,R6CH
W01,Y03,6,R6CH
W01,Y04,6,R6CH
W01,Y05,6,R6CH
W01,Y06,6,R6CH
W01,Y07,6,R6CH
W01,Y08,6,R6CH
W01,Y09,6,R6CH
W01,Y10,6,R6CH
W01,Y11,6,R6CH
W01,Y12,6,R6CH
W01,Y13,6,R6CH
W01,Y14,6,R6CH
W01,Y15,6,R6CH
W01,Y16,6,R6CH
W01,Z01,6,R6CH
W01,Z02,6,R6CH
W01,Z03,6,R6CH
W01,Z04,6,R6CH
W01,Z05,6,R6CH
W01,Z06,6,R6CH
W01,Z07,6,R6CH
W01,Z08,6,R6CH
W01,Z09,6,R6CH
W01,Z10,6,R6CH
W01,Z11,6,R6CH
W01,Z12,6,R6CH
W01,Z13,6,R6CH
W01,Z14,6,R6CH
W01,Z15,6,R6CH
W01,Z16,6,R6CH
W02,Y01,6,R6CH
W02,Y02,6,R6CH
W02,Y03,6,R6CH
W02,Y04,6,R6CH
W02,Y05,6,R6CH
W02,Y06,6,R6CH
W02,Y07,6,R6CH
W02,Y08,6,R6CH
W02,Y09,6,R6CH
W02,Y10,6,R6CH
W02,Y11,6,R6CH
W02,Y12,6,R6CH
W02,Y13,6,R6CH
W02,Y14,6,R6CH
W02,Y15,6,R6CH
W02,Y16,6,R6CH
W02,Z01,6,R6CH
W02,Z02,6,R6CH
W02,Z03,6,R6CH
W02,Z04,6,R6CH
W02,Z05,6,R6CH
W02,Z06,6,R6CH
W02,Z07,6,R6CH
W02,Z08,6,R6CH
W02,Z09,6,R6CH
W02,Z10,6,R6CH
W02,Z11,6,R6CH
W02,Z12,6,R6CH
W02,Z13,6,R6CH
W02,Z14,6,R6CH
W02,Z15,6,R6CH
W02,Z16,6,R6CH
W03,Y01,6,R6CH
W03,Y02,6,R6CH
W03,Y03,6,R6CH
W03,Y04,6,R6CH
W03,Y05,6,R6CH
W03,Y06,6,R6CH
W03,Y07,6,R6CH
W03,Y08,6,R6CH
W03,Y09,6,R6CH
W03,Y10,6,R6CH
W03,Y11,6,R6CH
W03,Y12,6,R6CH
W03,Y13,6,R6CH
W03,Y14,6,R6CH
W03,Y15,6,R6CH
W03,Y16,6,R6CH
W03,Z01,6,R6CH
W03,Z02,6,R6CH
W03,Z03,6,R6CH
W03,Z04,6,R6CH
W03,Z05,6,R6CH
W03,Z06,6,R6CH
W03,Z07,6,R6CH
W03,Z08,6,R6CH
W03,Z09,6,R6CH
W03,Z10,6,R6CH
W03,Z11,6,R6CH
W03,Z12,6,R6CH
W03,Z13,6,R6CH
W03,Z14,6,R6CH
W03,Z15,6,R6CH
W03,Z16,6,R6CH
W04,Y01,6,R6CH
W04,Y02,6,R6CH
W04,Y03,6,R6CH
W04,Y04,6,R6CH
W04,Y05,6,R6CH
W04,Y06,6,R6CH
W04,Y07,6,R6CH
W04,Y08,6,R6CH
W04,Y09,6,R6CH
W04,Y10,6,R6CH
W04,Y11,6,R6CH
W04,Y12,6,R6CH
W04,Y13,6,R6CH
W04,Y14,6,R6CH
W04,Y15,6,R6CH
W04,Y16,6,R6CH
W04,Z01,6,R6CH
W04,Z02,6,R6CH
W04,Z03,6,R6CH
W04,Z04,6,R6CH
W04,Z05,6,R6CH
W04,Z06,6,R6CH
W04,Z07,6,R6CH
W04,Z08,6,R6CH
W04,Z09,6,R6CH
W04,Z10,6,R6CH
W04,Z11,6,R6CH
W04,Z12,6,R6CH
W04,Z13,6,R6CH
W04,Z14,6,R6CH
W04,Z15,6,R6CH
W04,Z16,6,R6CH
W05,Y01,6,R6CH
W05,Y02,6,R6CH
W05,Y03,6,R6CH
W05,Y04,6,R6CH
W05,Y05,6,R6CH
W05,Y06,6,R6CH
W05,Y07,6,R6CH
W05,Y08,6,R6CH
W05,Y09,6,R6CH
W05,Y10,6,R6CH
W05,Y11,6,R6CH
W05,Y12,6,R6CH
W05,Y13,6,R6CH
W05,Y14,6,R6CH
W05,Y15,6,R6CH
W05,Y16,6,R6CH
W05,Z01,6,R6CH
W05,Z02,6,R6CH
W05,Z03,6,R6CH
W05,Z04,6,R6CH
W05,Z05,6,R6CH
W05,Z06,6,R6CH
W05,Z07,6,R6CH
W05,Z08,6,R6CH
W05,Z09,6,R6CH
W05,Z10,6,R6CH
W05,Z11,6,R6CH
W05,Z12,6,R6CH
W05,Z13,6,R6CH
W05,Z14,6,R6CH
W05,Z15,6,R6CH
W05,Z16,6,R6CH
W06,Y01,6,R6CH
W06,Y02,6,R6CH
W06,Y03,6,R6CH
W06,Y04,6,R6CH
W06,Y05,6,R6CH
W06,Y06,6,R6CH
W06,Y07,6,R6CH
W06,Y08,6,R6CH
W06,Y09,6,R6CH
W06,Y10,6,R6CH
W06,Y11,6,R6CH
W06,Y12,6,R6CH
W06,Y13,6,R6CH
W06,Y14,6,R6CH
W06,Y15,6,R6CH
W06,Y16,6,R6CH
W06,Z01,6,R6CH
W06,Z02,6,R6CH
W06,Z03,6,R6CH
W06,Z04,6,R6CH
W06,Z05,6,R6CH
W06,Z06,6,R6CH
W06,Z07,6,R6CH
W06,Z08,6,R6CH
W06,Z09,6,R6CH
W06,Z10,6,R6CH
W06,Z11,6,R6CH
W06,Z12,6,R6CH
W06,Z13,6,R6CH
W06,Z14,6,R6CH
W06,Z15,6,R6CH
W06,Z16,6,R6CH
W07,Y01,6,R6CH
W07,Y02,6,R6CH
W07,Y03,6,R6CH
W07,Y04,6,R6CH
W07,Y05,6,R6CH
W07,Y06,6,R6CH
W07,Y07,6,R6CH
W07,Y08,6,R6CH
W07,Y09,6,R6CH
W07,Y10,6,R6CH
W07,Y11,6,R6CH
W07,Y12,6,R6CH
W07,Y13,6,R6CH
W07,Y14,6,R6CH
W07,Y15,6,R6CH
W07,Y16,6,R6CH
W07,Z01,6,R6CH
W07,Z02,6,R6CH
W07,Z03,6,R6CH
W07,Z04,6,R6CH
W07,Z05,6,R6CH
W07,Z06,6,R6CH
W07,Z07,6,R6CH
W07,Z08,6,R6CH
W07,Z09,6,R6CH
W07,Z10,6,R6CH
W07,Z11,6,R6CH
W07,Z12,6,R6CH
W07,Z13,6,R6CH
W07,Z14,6,R6CH
W07,Z15,6,R6CH
W07,Z16,6,R6CH
W08,Y01,6,R6CH
W08,Y02,6,R6CH
W08,Y03,6,R6CH
W08,Y04,6,R6CH
W08,Y05,6,R6CH
W08,Y06,6,R6CH
W08,Y07,6,R6CH
W08,Y08,6,R6CH
W08,Y09,6,R6CH
W08,Y10,6,R6CH
W08,Y11,6,R6CH
W08,Y12,6,R6CH
W08,Y13,6,R6CH
W08,Y14,6,R6CH
W08,Y15,6,R6CH
W08,Y16,6,R6CH
W08,Z01,6,R6CH
W08,Z02,6,R6CH
W08,Z03,6,R6CH
W08,Z04,6,R6CH
W08,Z05,6,R6CH
W08,Z06,6,R6CH
W08,Z07,6,R6CH
W08,Z08,6,R6CH
W08,Z09,6,R6CH
W08,Z10,6,R6CH
W08,Z11,6,R6CH
W08,Z12,6,R6CH
W08,Z13,6,R6CH
W08,Z14,6,R6CH
W08,Z15,6,R6CH
W08,Z16,6,R6CH
W09,Y01,6,R6CH
W09,Y02,6,R6CH
W09,Y03,6,R6CH
W09,Y04,6,R6CH
W09,Y05,6,R6CH
W09,Y06,6,R6CH
W09,Y07,6,R6CH
W09,Y08,6,R6CH
W09,Y09,6,R6CH
W09,Y10,6,R6CH
W09,Y11,6,R6CH
W09,Y12,6,R6CH
W09,Y13,6,R6CH
W09,Y14,6,R6CH
W09,Y15,6,R6CH
W09,Y16,6,R6CH
W09,Z01,6,R6CH
W09,Z02,6,R6CH
W09,Z03,6,R6CH
W09,Z04,6,R6CH
W09,Z05,6,R6CH
W09,Z06,6,R6CH
W09,Z07,6,R6CH
W09,Z08,6,R6CH
W09,Z09,6,R6CH
W09,Z10,6,R6CH
W09,Z11,6,R6CH
W09,Z12,6,R6CH
W09,Z13,6,R6CH
W09,Z14,6,R6CH
W09,Z15,6,R6CH
W09,Z16,6,R6CH
W10,Y01,6,R6CH
W10,Y02,6,R6CH
W10,Y03,6,R6CH
W10,Y04,6,R6CH
W10,Y05,6,R6CH
W10,Y06,6,R6CH
W10,Y07,6,R6CH
W10,Y08,6,R6CH
W10,Y09,6,R6CH
W10,Y10,6,R6CH
W10,Y11,6,R6CH
W10,Y12,6,R6CH
W10,Y13,6,R6CH
W10,Y14,6,R6CH
W10,Y15,6,R6CH
W10,Y16,6,R6CH
W10,Z01,6,R6CH
W10,Z02,6,R6CH
W10,Z03,6,R6CH
W10,Z04,6,R6CH
W10,Z05,6,R6CH
W10,Z06,6,R6CH
W10,Z07,6,R6CH
W10,Z08,6,R6CH
W10,Z09,6,R6CH
W10,Z10,6,R6CH
W10,Z11,6,R6CH
W10,Z12,6,R6CH
W10,Z13,6,R6CH
W10,Z14,6,R6CH
W10,Z15,6,R6CH
W10,Z16,6,R6CH
W11,Y01,6,R6CH
W11,Y02,6,R6CH
W11,Y03,6,R6CH
W11,Y04,6,R6CH
W11,Y05,6,R6CH
W11,Y06,6,R6CH
W11,Y07,6,R6CH
W11,Y08,6,R6CH
W11,Y09,6,R6CH
W11,Y10,6,R6CH
W11,Y11,6,R6CH
W11,Y12,6,R6CH
W11,Y13,6,R6CH
W11,Y14,6,R6CH
W11,Y15,6,R6CH
W11,Y16,6,R6CH
W11,Z01,6,R6CH
W11,Z02,6,R6CH
W11,Z03,6,R6CH
W11,Z04,6,R6CH
W11,Z05,6,R6CH
W11,Z06,6,R6CH
W11,Z07,6,R6CH
W11,Z08,6,R6CH
W11,Z09,6,R6CH
W11,Z10,6,R6CH
W11,Z11,6,R6CH
W11,Z12,6,R6CH
W11,Z13,6,R6CH
W11,Z14,6,R6CH
W11,Z15,6,R6CH
W11,Z16,6,R6CH
W12,Y01,6,R6CH
W12,Y02,6,R6CH
W12,Y03,6,R6CH
W12,Y04,6,R6CH
W12,Y05,6,R6CH
W12,Y06,6,R6CH
W12,Y07,6,R6CH
W12,Y08,6,R6CH
W12,Y09,6,R6CH
W12,Y10,6,R6CH
W12,Y11,6,R6CH
W12,Y12,6,R6CH
W12,Y13,6,R6CH
W12,Y14,6,R6CH
W12,Y15,6,R6CH
W12,Y16,6,R6CH
W12,Z01,6,R6CH
W12,Z02,6,R6CH
W12,Z03,6,R6CH
W12,Z04,6,R6CH
W12,Z05,6,R6CH
W12,Z06,6,R6CH
W12,Z07,6,R6CH
W12,Z08,6,R6CH
W12,Z09,6,R6CH
W12,Z10,6,R6CH
W12,Z11,6,R6CH
W12,Z12,6,R6CH
W12,Z13,6,R6CH
W12,Z14,6,R6CH
W12,Z15,6,R6CH
W12,Z16,6,R6CH
W13,Y01,6,R6CH
W13,Y02,6,R6CH
W13,Y03,6,R6CH
W13,Y04,6,R6CH
W13,Y05,6,R6CH
W13,Y06,6,R6CH
W13,Y07,6,R6CH
W13,Y08,6,R6CH
W13,Y09,6,R6CH
W13,Y10,6,R6CH
W13,Y11,6,R6CH
W13,Y12,6,R6CH
W13,Y13,6,R6CH
W13,Y14,6,R6CH
W13,Y15,6,R6CH
W13,Y16,6,R6CH
W13,Z01,6,R6CH
W13,Z02,6,R6CH
W13,Z03,6,R6CH
W13,Z04,6,R6CH
W13,Z05,6,R6CH
W13,Z06,6,R6CH
W13,Z07,6,R6CH
W13,Z08,6,R6CH
W13,Z09,6,R6CH
W13,Z10,6,R6CH
W13,Z11,6,R6CH
W13,Z12,6,R6CH
W13,Z13,6,R6CH
W13,Z14,6,R6CH
W13,Z15,6,R6CH
W13,Z16,6,R6CH
W14,Y01,6,R6CH
W14,Y02,6,R6CH
W14,Y03,6,R6CH
W14,Y04,6,R6CH
W14,Y05,6,R6CH
W14,Y06,6,R6CH
W14,Y07,6,R6CH
W14,Y08,6,R6CH
W14,Y09,6,R6CH
W14,Y10,6,R6CH
W14,Y11,6,R6CH
W14,Y12,6,R6CH
W14,Y13,6,R6CH
W14,Y14,6,R6CH
W14,Y15,6,R6CH
W14,Y16,6,R6CH
W14,Z01,6,R6CH
W14,Z02,6,R6CH
W14,Z03,6,R6CH
W14,Z04,6,R6CH
W14,Z05,6,R6CH
W14,Z06,6,R6CH
W14,Z07,6,R6CH
W14,Z08,6,R6CH
W14,Z09,6,R6CH
W14,Z10,6,R6CH
W14,Z11,6,R6CH
W14,Z12,6,R6CH
W14,Z13,6,R6CH
W14,Z14,6,R6CH
W14,Z15,6,R6CH
W14,Z16,6,R6CH
W15,Y01,6,R6CH
W15,Y02,6,R6CH
W15,Y03,6,R6CH
W15,Y04,6,R6CH
W15,Y05,6,R6CH
W15,Y06,6,R6CH
W15,Y07,6,R6CH
W15,Y08,6,R6CH
W15,Y09,6,R6CH
W15,Y10,6,R6CH
W15,Y11,6,R6CH
W15,Y12,6,R6CH
W15,Y13,6,R6CH
W15,Y14,6,R6CH
W15,Y15,6,R6CH
W15,Y16,6,R6CH
W15,Z01,6,R6CH
W15,Z02,6,R6CH
W15,Z03,6,R6CH
W15,Z04,6,R6CH
W15,Z05,6,R6CH
W15,Z06,6,R6CH
W15,Z07,6,R6CH
W15,Z08,6,R6CH
W15,Z09,6,R6CH
W15,Z10,6,R6CH
W15,Z11,6,R6CH
W15,Z12,6,R6CH
W15,Z13,6,R6CH
W15,Z14,6,R6CH
W15,Z15,6,R6CH
W15,Z16,6,R6CH
W16,Y01,6,R6CH
W16,Y02,6,R6CH
W16,Y03,6,R6CH
W16,Y04,6,R6CH
W16,Y05,6,R6CH
W16,Y06,6,R6CH
W16,Y07,6,R6CH
W16,Y08,6,R6CH
W16,Y09,6,R6CH
W16,Y10,6,R6CH
W16,Y11,6,R6CH
W16,Y12,6,R6CH
W16,Y13,6,R6CH
W16,Y14,6,R6CH
W16,Y15,6,R6CH
W16,Y16,6,R6CH
W16,Z01,6,R6CH
W16,Z02,6,R6CH
W16,Z03,6,R6CH
W16,Z04,6,R6CH
W16,Z05,6,R6CH
W16,Z06,6,R6CH
W16,Z07,6,R6CH
W16,Z08,6,R6CH
W16,Z09,6,R6CH
W16,Z10,6,R6CH
W16,Z11,6,R6CH
W16,Z12,6,R6CH
W16,Z13,6,R6CH
W16,Z14,6,R6CH
W16,Z15,6,R6CH
W16,Z16,6,R6CH
X01,Y01,6,R6CH
X01,Y02,6,R6CH
X01,Y03,6,R6CH
X01,Y04,6,R6CH
X01,Y05,6,R6CH
X01,Y06,6,R6CH
X01,Y07,6,R6CH
X01,Y08,6,R6CH
X01,Y09,6,R6CH
X01,Y10,6,R6CH
X01,Y11,6,R6CH
X01,Y12,6,R6CH
X01,Y13,6,R6CH
X01,Y14,6,R6CH
X01,Y15,6,R6CH
X01,Y16,6,R6CH
X01,Z01,6,R6CH
X01,Z02,6,R6CH
X01,Z03,6,R6CH
X01,Z04,6,R6CH
X01,Z05,6,R6CH
X01,Z06,6,R6CH
X01,Z07,6,R6CH
X01,Z08,6,R6CH
X01,Z09,6,R6CH
X01,Z10,6,R6CH
X01,Z11,6,R6CH
X01,Z12,6,R6CH
X01,Z13,6,R6CH
X01,Z14,6,R6CH
X01,Z15,6,R6CH
X01,Z16,6,R6CH
X02,Y01,6,R6CH
X02,Y02,6,R6CH
X02,Y03,6,R6CH
X02,Y04,6,R6CH
X02,Y05,6,R6CH
X02,Y06,6,R6CH
X02,Y07,6,R6CH
X02,Y08,6,R6CH
X02,Y09,6,R6CH
X02,Y10,6,R6CH
X02,Y11,6,R6CH
X02,Y12,6,R6CH
X02,Y13,6,R6CH
X02,Y14,6,R6CH
X02,Y15,6,R6CH
X02,Y16,6,R6CH
X02,Z01,6,R6CH
X02,Z02,6,R6CH
X02,Z03,6,R6CH
X02,Z04,6,R6CH
X02,Z05,6,R6CH
X02,Z06,6,R6CH
X02,Z07,6,R6CH
X02,Z08,6,R6CH
X02,Z09,6,R6CH
X02,Z10,6,R6CH
X02,Z11,6,R6CH
X02,Z12,6,R6CH
X02,Z13,6,R6CH
X02,Z14,6,R6CH
X02,Z15,6,R6CH
X02,Z16,6,R6CH
X03,Y01,6,R6CH
X03,Y02,6,R6CH
X03,Y03,6,R6CH
X03,Y04,6,R6CH
X03,Y05,6,R6CH
X03,Y06,6,R6CH
X03,Y07,6,R6CH
X03,Y08,6,R6CH
X03,Y09,6,R6CH
X03,Y10,6,R6CH
X03,Y11,6,R6CH
X03,Y12,6,R6CH
X03,Y13,6,R6CH
X03,Y14,6,R6CH
X03,Y15,6,R6CH
X03,Y16,6,R6CH
X03,Z01,6,R6CH
X03,Z02,6,R6CH
X03,Z03,6,R6CH
X03,Z04,6,R6CH
X03,Z05,6,R6CH
X03,Z06,6,R6CH
X03,Z07,6,R6CH
X03,Z08,6,R6CH
X03,Z09,6,R6CH
X03,Z10,6,R6CH
X03,Z11,6,R6CH
X03,Z12,6,R6CH
X03,Z13,6,R6CH
X03,Z14,6,R6CH
X03,Z15,6,R6CH
X03,Z16,6,R6CH
X04,Y01,6,R6CH
X04,Y02,6,R6CH
X04,Y03,6,R6CH
X04,Y04,6,R6CH
X04,Y05,6,R6CH
X04,Y06,6,R6CH
X04,Y07,6,R6CH
X04,Y08,6,R6CH
X04,Y09,6,R6CH
X04,Y10,6,R6CH
X04,Y11,6,R6CH
X04,Y12,6,R6CH
X04,Y13,6,R6CH
X04,Y14,6,R6CH
X04,Y15,6,R6CH
X04,Y16,6,R6CH
X04,Z01,6,R6CH
X04,Z02,6,R6CH
X04,Z03,6,R6CH
X04,Z04,6,R6CH
X04,Z05,6,R6CH
X04,Z06,6,R6CH
X04,Z07,6,R6CH
X04,Z08,6,R6CH
X04,Z09,6,R6CH
X04,Z10,6,R6CH
X04,Z11,6,R6CH
X04,Z12,6,R6CH
X04,Z13,6,R6CH
X04,Z14,6,R6CH
X04,Z15,6,R6CH
X04,Z16,6,R6CH
X05,Y01,6,R6CH
X05,Y02,6,R6CH
X05,Y03,6,R6CH
X05,Y04,6,R6CH
X05,Y05,6,R6CH
X05,Y06,6,R6CH
X05,Y07,6,R6CH
X05,Y08,6,R6CH
X05,Y09,6,R6CH
X05,Y10,6,R6CH
X05,Y11,6,R6CH
X05,Y12,6,R6CH
X05,Y13,6,R6CH
X05,Y14,6,R6CH
X05,Y15,6,R6CH
X05,Y16,6,R6CH
X05,Z01,6,R6CH
X05,Z02,6,R6CH
X05,Z03,6,R6CH
X05,Z04,6,R6CH
X05,Z05,6,R6CH
X05,Z06,6,R6CH
X05,Z07,6,R6CH
X05,Z08,6,R6CH
X05,Z09,6,R6CH
X05,Z10,6,R6CH
X05,Z11,6,R6CH
X05,Z12,6,R6CH
X05,Z13,6,R6CH
X05,Z14,6,R6CH
X05,Z15,6,R6CH
X05,Z16,6,R6CH
X06,Y01,6,R6CH
X06,Y02,6,R6CH
X06,Y03,6,R6CH
X06,Y04,6,R6CH
X06,Y05,6,R6CH
X06,Y06,6,R6CH
X06,Y07,6,R6CH
X06,Y08,6,R6CH
X06,Y09,6,R6CH
X06,Y10,6,R6CH
X06,Y11,6,R6CH
X06,Y12,6,R6CH
X06,Y13,6,R6CH
X06,Y14,6,R6CH
X06,Y15,6,R6CH
X06,Y16,6,R6CH
X06,Z01,6,R6CH
X06,Z02,6,R6CH
X06,Z03,6,R6CH
X06,Z04,6,R6CH
X06,Z05,6,R6CH
X06,Z06,6,R6CH
X06,Z07,6,R6CH
X06,Z08,6,R6CH
X06,Z09,6,R6CH
X06,Z10,6,R6CH
X06,Z11,6,R6CH
X06,Z12,6,R6CH
X06,Z13,6,R6CH
X06,Z14,6,R6CH
X06,Z15,6,R6CH
X06,Z16,6,R6CH
X07,Y01,6,R6CH
X07,Y02,6,R6CH
X07,Y03,6,R6CH
X07,Y04,6,R6CH
X07,Y05,6,R6CH
X07,Y06,6,R6CH
X07,Y07,6,R6CH
X07,Y08,6,R6CH
X07,Y09,6,R6CH
X07,Y10,6,R6CH
X07,Y11,6,R6CH
X07,Y12,6,R6CH
X07,Y13,6,R6CH
X07,Y14,6,R6CH
X07,Y15,6,R6CH
X07,Y16,6,R6CH
X07,Z01,6,R6CH
X07,Z02,6,R6CH
X07,Z03,6,R6CH
X07,Z04,6,R6CH
X07,Z05,6,R6CH
X07,Z06,6,R6CH
X07,Z07,6,R6CH
X07,Z08,6,R6CH
X07,Z09,6,R6CH
X07,Z10,6,R6CH
X07,Z11,6,R6CH
X07,Z12,6,R6CH
X07,Z13,6,R6CH
X07,Z14,6,R6CH
X07,Z15,6,R6CH
X07,Z16,6,R6CH
X08,Y01,6,R6CH
X08,Y02,6,R6CH
X08,Y03,6,R6CH
X08,Y04,6,R6CH
X08,Y05,6,R6CH
X08,Y06,6,R6CH
X08,Y07,6,R6CH
X08,Y08,6,R6CH
X08,Y09,6,R6CH
X08,Y10,6,R6CH
X08,Y11,6,R6CH
X08,Y12,6,R6CH
X08,Y13,6,R6CH
X08,Y14,6,R6CH
X08,Y15,6,R6CH
X08,Y16,6,R6CH
X08,Z01,6,R6CH
X08,Z02,6,R6CH
X08,Z03,6,R6CH
X08,Z04,6,R6CH
X08,Z05,6,R6CH
X08,Z06,6,R6CH
X08,Z07,6,R6CH
X08,Z08,6,R6CH
X08,Z09,6,R6CH
X08,Z10,6,R6CH
X08,Z11,6,R6CH
X08,Z12,6,R6CH
X08,Z13,6,R6CH
X08,Z14,6,R6CH
X08,Z15,6,R6CH
X08,Z16,6,R6CH
X09,Y01,6,R6CH
X09,Y02,6,R6CH
X09,Y03,6,R6CH
X09,Y04,6,R6CH
X09,Y05,6,R6CH
X09,Y06,6,R6CH
X09,Y07,6,R6CH
X09,Y08,6,R6CH
X09,Y09,6,R6CH
X09,Y10,6,R6CH
X09,Y11,6,R6CH
X09,Y12,6,R6CH
X09,Y13,6,R6CH
X09,Y14,6,R6CH
X09,Y15,6,R6CH
X09,Y16,6,R6CH
X09,Z01,6,R6CH
X09,Z02,6,R6CH
X09,Z03,6,R6CH
X09,Z04,6,R6CH
X09,Z05,6,R6CH
X09,Z06,6,R6CH
X09,Z07,6,R6CH
X09,Z08,6,R6CH
X09,Z09,6,R6CH
X09,Z10,6,R6CH
X09,Z11,6,R6CH
X09,Z12,6,R6CH
X09,Z13,6,R6CH
X09,Z14,6,R6CH
X09,Z15,6,R6CH
X09,Z16,6,R6CH
X10,Y01,6,R6CH
X10,Y02,6,R6CH
X10,Y03,6,R6CH
X10,Y04,6,R6CH
X10,Y05,6,R6CH
X10,Y06,6,R6CH
X10,Y07,6,R6CH
X10,Y08,6,R6CH
X10,Y09,6,R6CH
X10,Y10,6,R6CH
X10,Y11,6,R6CH
X10,Y12,6,R6CH
X10,Y13,6,R6CH
X10,Y14,6,R6CH
X10,Y15,6,R6CH
X10,Y16,6,R6CH
X10,Z01,6,R6CH
X10,Z02,6,R6CH
X10,Z03,6,R6CH
X10,Z04,6,R6CH
X10,Z05,6,R6CH
X10,Z06,6,R6CH
X10,Z07,6,R6CH
X10,Z08,6,R6CH
X10,Z09,6,R6CH
X10,Z10,6,R6CH
X10,Z11,6,R6CH
X10,Z12,6,R6CH
X10,Z13,6,R6CH
X10,Z14,6,R6CH
X10,Z15,6,R6CH
X10,Z16,6,R6CH
X11,Y01,6,R6CH
X11,Y02,6,R6CH
X11,Y03,6,R6CH
X11,Y04,6,R6CH
X11,Y05,6,R6CH
X11,Y06,6,R6CH
X11,Y07,6,R6CH
X11,Y08,6,R6CH
X11,Y09,6,R6CH
X11,Y10,6,R6CH
X11,Y11,6,R6CH
X11,Y12,6,R6CH
X11,Y13,6,R6CH
X11,Y14,6,R6CH
X11,Y15,6,R6CH
X11,Y16,6,R6CH
X11,Z01,6,R6CH
X11,Z02,6,R6CH
X11,Z03,6,R6CH
X11,Z04,6,R6CH
X11,Z05,6,R6CH
X11,Z06,6,R6CH
X11,Z07,6,R6CH
X11,Z08,6,R6CH
X11,Z09,6,R6CH
X11,Z10,6,R6CH
X11,Z11,6,R6CH
X11,Z12,6,R6CH
X11,Z13,6,R6CH
X11,Z14,6,R6CH
X11,Z15,6,R6CH
X11,Z16,6,R6CH
X12,Y01,6,R6CH
X12,Y02,6,R6CH
X12,Y03,6,R6CH
X12,Y04,6,R6CH
X12,Y05,6,R6CH
X12,Y06,6,R6CH
X12,Y07,6,R6CH
X12,Y08,6,R6CH
X12,Y09,6,R6CH
X12,Y10,6,R6CH
X12,Y11,6,R6CH
X12,Y12,6,R6CH
X12,Y13,6,R6CH
X12,Y14,6,R6CH
X12,Y15,6,R6CH
X12,Y16,6,R6CH
X12,Z01,6,R6CH
X12,Z02,6,R6CH
X12,Z03,6,R6CH
X12,Z04,6,R6CH
X12,Z05,6,R6CH
X12,Z06,6,R6CH
X12,Z07,6,R6CH
X12,Z08,6,R6CH
X12,Z09,6,R6CH
X12,Z10,6,R6CH
X12,Z11,6,R6CH
X12,Z12,6,R6CH
X12,Z13,6,R6CH
X12,Z14,6,R6CH
X12,Z15,6,R6CH
X12,Z16,6,R6CH
X13,Y01,6,R6CH
X13,Y02,6,R6CH
X13,Y03,6,R6CH
X13,Y04,6,R6CH
X13,Y05,6,R6CH
X13,Y06,6,R6CH
X13,Y07,6,R6CH
X13,Y08,6,R6CH
X13,Y09,6,R6CH
X13,Y10,6,R6CH
X13,Y11,6,R6CH
X13,Y12,6,R6CH
X13,Y13,6,R6CH
X13,Y14,6,R6CH
X13,Y15,6,R6CH
X13,Y16,6,R6CH
X13,Z01,6,R6CH
X13,Z02,6,R6CH
X13,Z03,6,R6CH
X13,Z04,6,R6CH
X13,Z05,6,R6CH
X13,Z06,6,R6CH
X13,Z07,6,R6CH
X13,Z08,6,R6CH
X13,Z09,6,R6CH
X13,Z10,6,R6CH
X13,Z11,6,R6CH
X13,Z12,6,R6CH
X13,Z13,6,R6CH
X13,Z14,6,R6CH
X13,Z15,6,R6CH
X13,Z16,6,R6CH
X14,Y01,6,R6CH
X14,Y02,6,R6CH
X14,Y03,6,R6CH
X14,Y04,6,R6CH
X14,Y05,6,R6CH
X14,Y06,6,R6CH
X14,Y07,6,R6CH
X14,Y08,6,R6CH
X14,Y09,6,R6CH
X14,Y10,6,R6CH
X14,Y11,6,R6CH
X14,Y12,6,R6CH
X14,Y13,6,R6CH
X14,Y14,6,R6CH
X14,Y15,6,R6CH
X14,Y16,6,R6CH
X14,Z01,6,R6CH
X14,Z02,6,R6CH
X14,Z03,6,R6CH
X14,Z04,6,R6CH
X14,Z05,6,R6CH
X14,Z06,6,R6CH
X14,Z07,6,R6CH
X14,Z08,6,R6CH
X14,Z09,6,R6CH
X14,Z10,6,R6CH
X14,Z11,6,R6CH
X14,Z12,6,R6CH
X14,Z13,6,R6CH
X14,Z14,6,R6CH
X14,Z15,6,R6CH
X14,Z16,6,R6CH
X15,Y01,6,R6CH
X15,Y02,6,R6CH
X15,Y03,6,R6CH
X15,Y04,6,R6CH
X15,Y05,6,R6CH
X15,Y06,6,R6CH
X15,Y07,6,R6CH
X15,Y08,6,R6CH
X15,Y09,6,R6CH
X15,Y10,6,R6CH
X15,Y11,6,R6CH
X15,Y12,6,R6CH
X15,Y13,6,R6CH
X15,Y14,6,R6CH
X15,Y15,6,R6CH
X15,Y16,6,R6CH
X15,Z01,6,R6CH
X15,Z02,6,R6CH
X15,Z03,6,R6CH
X15,Z04,6,R6CH
X15,Z05,6,R6CH
X15,Z06,6,R6CH
X15,Z07,6,R6CH
X15,Z08,6,R6CH
X15,Z09,6,R6CH
X15,Z10,6,R6CH
X15,Z11,6,R6CH
X15,Z12,6,R6CH
X15,Z13,6,R6CH
X15,Z14,6,R6CH
X15,Z15,6,R6CH
X15,Z16,6,R6CH
X16,Y01,6,R6CH
X16,Y02,6,R6CH
X16,Y03,6,R6CH
X16,Y04,6,R6CH
X16,Y05,6,R6CH
X16,Y06,6,R6CH
X16,Y07,6,R6CH
X16,Y08,6,R6CH
X16,Y09,6,R6CH
X16,Y10,6,R6CH
X16,Y11,6,R6CH
X16,Y12,6,R6CH
X16,Y13,6,R6CH
X16,Y14,6,R6CH
X16,Y15,6,R6CH
X16,Y16,6,R6CH
X16,Z01,6,R6CH
X16,Z02,6,R6CH
X16,Z03,6,R6CH
X16,Z04,6,R6CH
X16,Z05,6,R6CH
X16,Z06,6,R6CH
X16,Z07,6,R6CH
X16,Z08,6,R6CH
X16,Z09,6,R6CH
X16,Z10,6,R6CH
X16,Z11,6,R6CH
X16,Z12,6,R6CH
X16,Z13,6,R6CH
X16,Z14,6,R6CH
X16,Z15,6,R6CH
X16,Z16,6,R6CH
